{"cameraMode":{"drawMode":0,"name":"Shaded","section":"Shading Mode"},"sceneLighting":true,"audioPlay":false,"sceneViewState":{"showFog":true,"showMaterialUpdate":false,"showSkybox":true,"showFlares":true,"showImageEffects":true,"showParticleSystems":true},"in2DMode":false,"pivot":{"x":246.9854278564453,"y":450.89166259765627,"z":136.20477294921876},"rotation":{"x":-0.015286029316484928,"y":-0.054868683218955997,"z":0.0008402959210798144,"w":-0.9983802437782288},"size":910.789794921875,"orthographic":false}